﻿<?xml version="1.0" encoding="utf-8"?>
<deployment>
  <id>0ca62c7e-805d-4075-aca4-0c843f7cec6a</id>
  <author>N/A</author>
  <deployer>Push-Deployer</deployer>
  <authorEmail>N/A</authorEmail>
  <message>Created via a push deployment</message>
  <progress></progress>
  <status>Success</status>
  <statusText></statusText>
  <lastSuccessEndTime>2026-01-04T14:16:51.9350351Z</lastSuccessEndTime>
  <receivedTime>2026-01-04T14:16:41.2565757Z</receivedTime>
  <startTime>2026-01-04T14:16:42.9951161Z</startTime>
  <endTime>2026-01-04T14:16:51.9350351Z</endTime>
  <complete>True</complete>
  <is_temp>False</is_temp>
  <is_readonly>True</is_readonly>
  <buildSummary />
</deployment>