﻿<?xml version="1.0" encoding="utf-8"?>
<deployment>
  <id>abc2c341-0703-49a6-9854-d6b50a452950</id>
  <author>N/A</author>
  <deployer>Push-Deployer</deployer>
  <authorEmail>N/A</authorEmail>
  <message>Created via a push deployment</message>
  <progress></progress>
  <status>Success</status>
  <statusText></statusText>
  <lastSuccessEndTime>2026-01-04T12:53:25.2618462Z</lastSuccessEndTime>
  <receivedTime>2026-01-04T12:53:14.8998521Z</receivedTime>
  <startTime>2026-01-04T12:53:16.2767549Z</startTime>
  <endTime>2026-01-04T12:53:25.2618462Z</endTime>
  <complete>True</complete>
  <is_temp>False</is_temp>
  <is_readonly>True</is_readonly>
  <buildSummary />
</deployment>