﻿<?xml version="1.0" encoding="utf-8"?>
<deployment>
  <id>b69efcc4-bb76-4dee-b31f-3beb07368f82</id>
  <author>N/A</author>
  <deployer>Push-Deployer</deployer>
  <authorEmail>N/A</authorEmail>
  <message>Created via a push deployment</message>
  <progress></progress>
  <status>Success</status>
  <statusText></statusText>
  <lastSuccessEndTime>2026-01-04T09:34:34.4791221Z</lastSuccessEndTime>
  <receivedTime>2026-01-04T09:34:21.0678912Z</receivedTime>
  <startTime>2026-01-04T09:34:22.4254889Z</startTime>
  <endTime>2026-01-04T09:34:34.4791221Z</endTime>
  <complete>True</complete>
  <is_temp>False</is_temp>
  <is_readonly>True</is_readonly>
  <buildSummary />
</deployment>