﻿<?xml version="1.0" encoding="utf-8"?>
<deployment>
  <id>641debb8-c827-4f0c-90e8-cdd21e88b008</id>
  <author>N/A</author>
  <deployer>Push-Deployer</deployer>
  <authorEmail>N/A</authorEmail>
  <message>Created via a push deployment</message>
  <progress></progress>
  <status>Success</status>
  <statusText></statusText>
  <lastSuccessEndTime>2026-01-04T05:20:12.7572846Z</lastSuccessEndTime>
  <receivedTime>2026-01-04T05:19:46.1917411Z</receivedTime>
  <startTime>2026-01-04T05:19:47.5344087Z</startTime>
  <endTime>2026-01-04T05:20:12.7572846Z</endTime>
  <complete>True</complete>
  <is_temp>False</is_temp>
  <is_readonly>True</is_readonly>
  <buildSummary />
</deployment>