<step title="Incoming Request" date="2026-01-04T03:04:33.593" instance="6ab2f6" url="/api/zipdeploy?isAsync=true" method="POST" type="request" pid="832,1,5" Accept="*/*" Host="jarvis-portfolio-api.scm.azurewebsites.net" User-Agent="AZURECLI/2.78.0 (HOMEBREW)" Accept-Encoding="gzip, deflate" Authorization="Bea..." Cache-Control="no-cache" Content-Type="application/octet-stream" Content-Length="8448129" x-ms-client-request-id="05897d08-e91a-11f0-b8db-c6eea053c943" x-ms-artifact-checksum="8a0a95a8992afc8571390652d74b0e4b1b66d0bcaf680cb86b31fa6f3bc3eb03" X-ARR-LOG-ID="05897d08-e91a-11f0-b8db-c6eea053c943" CLIENT-IP="184.22.107.190:65395" X-SITE-DEPLOYMENT-ID="jarvis-portfolio-api" WAS-DEFAULT-HOSTNAME="jarvis-portfolio-api.scm.azurewebsites.net" X-Forwarded-Proto="https" X-AppService-Proto="https" X-Forwarded-TlsVersion="1.3" X-WAWS-Unencoded-URL="/api/zipdeploy?isAsync=true" X-Client-IP="184.22.107.190" X-Client-Port="65395" >
  <step title="ZipPushDeploy" date="2026-01-04T03:04:34.180" >
    <step title="ZipDeploy. Extract zip." date="2026-01-04T03:04:34.191" /><!-- duration: 5ms -->
    <step title="None repository commit" date="2026-01-04T03:04:34.201" >
      <step title="Commit id: de0568f6-1423-4dd2-9243-5b49865c8e5d" date="2026-01-04T03:04:34.203" Message="N/A" AuthorName="N/A" AuthorEmail="N/A" /><!-- duration: 3ms -->
    </step><!-- duration: 9ms -->
    <step title="Starting PushDeployAsync" date="2026-01-04T03:04:34.212" /><!-- duration: 3ms -->
    <step title="Writing artifact to /tmp/zipdeploy/3e255116-79c6-46e7-a4d4-812826ee5f08.zip" date="2026-01-04T03:04:34.223" >
      <step title="Writing multipart request body to /tmp/zipdeploy/3e255116-79c6-46e7-a4d4-812826ee5f08.zip" date="2026-01-04T03:04:34.226" /><!-- duration: 3ms -->
    </step><!-- duration: 298ms -->
    <step title="Start deployment in the background" date="2026-01-04T03:04:34.564" >
      <step title="Acquiring Deployment Lock" date="2026-01-04T03:04:34.593" /><!-- duration: 3ms -->
      <step title="Acquired Deployment Lock" date="2026-01-04T03:04:34.639" /><!-- duration: 2ms -->
    </step><!-- duration: 217ms -->
  </step><!-- duration: 616ms -->
  <step title="Outgoing response" date="2026-01-04T03:04:34.838" type="response" statusCode="202" statusText="Accepted" /><!-- duration: 10ms -->
</step><!-- duration: 1258ms -->
