<step title="Incoming Request" date="2026-01-04T11:59:35.605" instance="6ab2f6" url="/api/zipdeploy?isAsync=true" method="POST" type="request" pid="835,1,3" Accept="*/*" Host="jarvis-portfolio-api.scm.azurewebsites.net" User-Agent="AZURECLI/2.78.0 (HOMEBREW)" Accept-Encoding="gzip, deflate" Authorization="Bea..." Cache-Control="no-cache" Content-Type="application/octet-stream" Content-Length="8448693" x-ms-client-request-id="d35f47d6-e964-11f0-9492-c6eea053c943" x-ms-artifact-checksum="cc8a676f00b97b5d5e41dfe3610f70497deb979e2ae662bf879ce1f9341e95a3" X-ARR-LOG-ID="d35f47d6-e964-11f0-9492-c6eea053c943" CLIENT-IP="184.22.107.190:61172" X-SITE-DEPLOYMENT-ID="jarvis-portfolio-api" WAS-DEFAULT-HOSTNAME="jarvis-portfolio-api.scm.azurewebsites.net" X-Forwarded-Proto="https" X-AppService-Proto="https" X-Forwarded-TlsVersion="1.3" X-WAWS-Unencoded-URL="/api/zipdeploy?isAsync=true" X-Client-IP="184.22.107.190" X-Client-Port="61172" >
  <step title="Cleanup Xml Logs" date="2026-01-04T11:59:35.612" /><!-- duration: 15ms -->
  <step title="ZipPushDeploy" date="2026-01-04T11:59:35.713" >
    <step title="ZipDeploy. Extract zip." date="2026-01-04T11:59:35.747" /><!-- duration: 17ms -->
    <step title="Starting PushDeployAsync" date="2026-01-04T11:59:35.804" /><!-- duration: 3ms -->
    <step title="Removing node_modules symlink" date="2026-01-04T11:59:35.831" >
      <step title="Writing artifact to /tmp/zipdeploy/f8f9d8f3-693b-4022-b7c8-bb56f115a509.zip" date="2026-01-04T11:59:35.921" >
        <step title="Writing multipart request body to /tmp/zipdeploy/f8f9d8f3-693b-4022-b7c8-bb56f115a509.zip" date="2026-01-04T11:59:35.925" /><!-- duration: 12ms -->
      </step><!-- duration: 239ms -->
      <step title="Removing previous build artifact&apos;s manifest file" date="2026-01-04T11:59:36.163" >
        <step title="Start deployment in the background" date="2026-01-04T11:59:36.182" >
          <step title="Acquiring Deployment Lock" date="2026-01-04T11:59:36.199" /><!-- duration: 2ms -->
          <step title="Acquired Deployment Lock" date="2026-01-04T11:59:36.233" /><!-- duration: 2ms -->
        </step><!-- duration: 152ms -->
      </step><!-- duration: 220ms -->
      <step title="Outgoing response" date="2026-01-04T11:59:36.392" type="response" statusCode="202" statusText="Accepted" /><!-- duration: 5ms -->
    </step><!-- duration: 569ms -->
