<step title="BackgroundTrace" date="2026-01-04T12:53:06.844" instance="6ab2f6" url="/api/zipdeploy" method="POST" >
  <step title="Creating temporary deployment - FetchDeploymentManager" date="2026-01-04T12:53:06.918" /><!-- duration: 1ms -->
  <step title="Creating temporary deployment" date="2026-01-04T12:53:06.921" /><!-- duration: 54ms -->
  <step title="Performing fetch based deployment" date="2026-01-04T12:53:07.004" >
    <step title="Cleaning up temp folders from previous zip deployments and extracting pushed zip file /tmp/zipdeploy/9ef9ec07-c327-4771-8b22-b61a61b3247e.zip (8.06 MB) to /tmp/zipdeploy/extracted" date="2026-01-04T12:53:08.161" >
      <step title="ChmodRecursive Process exited with total time taken in ms: 269" date="2026-01-04T12:53:12.805" /><!-- duration: 3ms -->
    </step><!-- duration: 4655ms -->
    <step title="Deployment timer started" date="2026-01-04T12:53:14.846" >
      <step title="DeploymentManager.Deploy(id:abc2c341-0703-49a6-9854-d6b50a452950)" date="2026-01-04T12:53:14.850" >
        <step title="Collecting changeset information" date="2026-01-04T12:53:14.882" /><!-- duration: 76ms -->
        <step title="Updating submodules" date="2026-01-04T12:53:14.961" /><!-- duration: 1127ms -->
        <step title="Determining deployment builder" date="2026-01-04T12:53:16.354" >
          <step title="Builder is BasicBuilder" date="2026-01-04T12:53:16.395" /><!-- duration: 11ms -->
        </step><!-- duration: 84ms -->
        <step title="PreDeployment: context.CleanOutputPath False" date="2026-01-04T12:53:17.299" >
          <step title="PreDeployment: context.OutputPath /home/site/wwwroot" date="2026-01-04T12:53:17.415" >
            <step title="Building" date="2026-01-04T12:53:17.541" >
              <step title="Executing external process" date="2026-01-04T12:53:18.062" type="process" path="starter.sh" arguments="/opt/Kudu/Scripts/absoluteTar.sh /tmp/zipdeploy/extracted/node_modules /tmp/zipdeploy/extracted/node_modules.tar.gz" /><!-- duration: 3881ms -->
              <step title="Executing external process" date="2026-01-04T12:53:22.225" type="process" path="starter.sh" arguments="/opt/Kudu/Scripts/parallel_rsync.sh /tmp/zipdeploy/extracted /home/site/wwwroot 8 /tmp/ False True node_modules " /><!-- duration: 1935ms -->
              <step title="Triggering recycle (preview mode disabled)." date="2026-01-04T12:53:24.832" /><!-- duration: 3ms -->
              <step title="Modified file to trigger a restart of the app container." date="2026-01-04T12:53:24.854" /><!-- duration: 4ms -->
              <step title="Skip function trigger and logicapp sync because function is not enabled." date="2026-01-04T12:53:24.864" /><!-- duration: 2ms -->
              <step title="Purge deployment items" date="2026-01-04T12:53:25.983" >
                <step title="Remove de0568f6-, Success, received at 01/04/2026 03:04:48" date="2026-01-04T12:53:26.058" /><!-- duration: 2ms -->
              </step><!-- duration: 81ms -->
            </step><!-- duration: 8602ms -->
          </step><!-- duration: 8731ms -->
          <step title="Cleaning up temp files" date="2026-01-04T12:53:26.147" /><!-- duration: 2ms -->
          <step title="Cleaning up temp files" date="2026-01-04T12:53:26.151" /><!-- duration: 505ms -->
          <step title="Reloading status file with latest updates" date="2026-01-04T12:53:26.699" >
            <step title="WebHooksManager.PublishEventAsync: PostDeployment" date="2026-01-04T12:53:26.711" /><!-- duration: 36ms -->
          </step><!-- duration: 49ms -->
          <step title="Cleaning up temporary deployment - fetch deployment was successful" date="2026-01-04T12:53:26.752" /><!-- duration: 2ms -->
        </step><!-- duration: 9529ms -->
      </step><!-- duration: 11992ms -->
