<step title="Incoming Request" date="2026-01-04T06:28:20.830" instance="6ab2f6" url="/api/zipdeploy?isAsync=true" method="POST" type="request" pid="835,1,19" Accept="*/*" Host="jarvis-portfolio-api.scm.azurewebsites.net" User-Agent="AZURECLI/2.78.0 (HOMEBREW)" Accept-Encoding="gzip, deflate" Authorization="Bea..." Cache-Control="no-cache" Content-Type="application/octet-stream" Content-Length="8447939" x-ms-client-request-id="8e9a26a8-e936-11f0-b813-c6eea053c943" x-ms-artifact-checksum="bf05e211612fdfb33798884784c1993fa3236c97c6075f54a2c1875ebd0e0752" X-ARR-LOG-ID="8e9a26a8-e936-11f0-b813-c6eea053c943" CLIENT-IP="184.22.107.190:12818" X-SITE-DEPLOYMENT-ID="jarvis-portfolio-api" WAS-DEFAULT-HOSTNAME="jarvis-portfolio-api.scm.azurewebsites.net" X-Forwarded-Proto="https" X-AppService-Proto="https" X-Forwarded-TlsVersion="1.3" X-WAWS-Unencoded-URL="/api/zipdeploy?isAsync=true" X-Client-IP="184.22.107.190" X-Client-Port="12818" >
  <step title="Cleanup Xml Logs" date="2026-01-04T06:28:20.859" /><!-- duration: 47ms -->
  <step title="ZipPushDeploy" date="2026-01-04T06:28:20.950" >
    <step title="ZipDeploy. Extract zip." date="2026-01-04T06:28:20.966" /><!-- duration: 2ms -->
    <step title="Starting PushDeployAsync" date="2026-01-04T06:28:20.975" /><!-- duration: 4ms -->
    <step title="Removing node_modules symlink" date="2026-01-04T06:28:20.996" >
      <step title="Writing artifact to /tmp/zipdeploy/6a25596e-03c8-4d66-9124-98a926a4e1d3.zip" date="2026-01-04T06:28:21.068" >
        <step title="Writing multipart request body to /tmp/zipdeploy/6a25596e-03c8-4d66-9124-98a926a4e1d3.zip" date="2026-01-04T06:28:21.071" /><!-- duration: 6ms -->
      </step><!-- duration: 401ms -->
      <step title="Removing previous build artifact&apos;s manifest file" date="2026-01-04T06:28:21.472" >
        <step title="Start deployment in the background" date="2026-01-04T06:28:21.489" >
          <step title="Acquiring Deployment Lock" date="2026-01-04T06:28:21.500" /><!-- duration: 8ms -->
          <step title="Acquired Deployment Lock" date="2026-01-04T06:28:21.538" /><!-- duration: 3ms -->
        </step><!-- duration: 142ms -->
      </step><!-- duration: 166ms -->
      <step title="Outgoing response" date="2026-01-04T06:28:21.644" type="response" statusCode="202" statusText="Accepted" /><!-- duration: 2ms -->
    </step><!-- duration: 652ms -->
