<step title="Incoming Request" date="2026-01-04T04:40:41.727" instance="6ab2f6" url="/api/zipdeploy?isAsync=true" method="POST" type="request" pid="835,1,33" Accept="*/*" Host="jarvis-portfolio-api.scm.azurewebsites.net" User-Agent="AZURECLI/2.78.0 (HOMEBREW)" Accept-Encoding="gzip, deflate" Authorization="Bea..." Cache-Control="no-cache" Content-Type="application/octet-stream" Content-Length="8509" x-ms-client-request-id="83bff276-e927-11f0-9e2e-c6eea053c943" x-ms-artifact-checksum="3e43e1b1395f030ff3531ac69a0d74e8d03cffc9bf655b21d18d396704830a90" X-ARR-LOG-ID="83bff276-e927-11f0-9e2e-c6eea053c943" CLIENT-IP="184.22.107.190:58350" X-SITE-DEPLOYMENT-ID="jarvis-portfolio-api" WAS-DEFAULT-HOSTNAME="jarvis-portfolio-api.scm.azurewebsites.net" X-Forwarded-Proto="https" X-AppService-Proto="https" X-Forwarded-TlsVersion="1.3" X-WAWS-Unencoded-URL="/api/zipdeploy?isAsync=true" X-Client-IP="184.22.107.190" X-Client-Port="58350" >
  <step title="Cleanup Xml Logs" date="2026-01-04T04:40:41.742" /><!-- duration: 4ms -->
  <step title="ZipPushDeploy" date="2026-01-04T04:40:41.786" >
    <step title="ZipDeploy. Extract zip." date="2026-01-04T04:40:41.791" /><!-- duration: 3ms -->
    <step title="Starting PushDeployAsync" date="2026-01-04T04:40:41.799" /><!-- duration: 3ms -->
    <step title="Removing node_modules symlink" date="2026-01-04T04:40:41.810" >
      <step title="Writing artifact to /tmp/zipdeploy/441de842-9594-456f-a02e-f0bf056ff349.zip" date="2026-01-04T04:40:41.915" >
        <step title="Writing multipart request body to /tmp/zipdeploy/441de842-9594-456f-a02e-f0bf056ff349.zip" date="2026-01-04T04:40:41.918" /><!-- duration: 14ms -->
      </step><!-- duration: 50ms -->
      <step title="Removing previous build artifact&apos;s manifest file" date="2026-01-04T04:40:41.974" >
        <step title="Start deployment in the background" date="2026-01-04T04:40:41.985" >
          <step title="Acquiring Deployment Lock" date="2026-01-04T04:40:41.994" /><!-- duration: 2ms -->
          <step title="Acquired Deployment Lock" date="2026-01-04T04:40:42.034" /><!-- duration: 2ms -->
        </step><!-- duration: 181ms -->
      </step><!-- duration: 201ms -->
      <step title="Outgoing response" date="2026-01-04T04:40:42.205" type="response" statusCode="202" statusText="Accepted" /><!-- duration: 12ms -->
    </step><!-- duration: 415ms -->
