<step title="BackgroundTrace" date="2026-01-04T04:40:41.989" instance="6ab2f6" url="/api/zipdeploy" method="POST" >
  <step title="Creating temporary deployment - FetchDeploymentManager" date="2026-01-04T04:40:42.038" /><!-- duration: 1ms -->
  <step title="Creating temporary deployment" date="2026-01-04T04:40:42.042" /><!-- duration: 121ms -->
  <step title="Performing fetch based deployment" date="2026-01-04T04:40:42.231" >
    <step title="Cleaning up temp folders from previous zip deployments and extracting pushed zip file /tmp/zipdeploy/441de842-9594-456f-a02e-f0bf056ff349.zip (0.01 MB) to /tmp/zipdeploy/extracted" date="2026-01-04T04:40:43.395" >
      <step title="ChmodRecursive Process exited with total time taken in ms: 41" date="2026-01-04T04:40:45.255" /><!-- duration: 4ms -->
    </step><!-- duration: 1866ms -->
    <step title="Deployment timer started" date="2026-01-04T04:40:47.307" >
      <step title="DeploymentManager.Deploy(id:9eaf675a-0547-4d8e-8724-719e241544b6)" date="2026-01-04T04:40:47.337" >
        <step title="Collecting changeset information" date="2026-01-04T04:40:47.528" /><!-- duration: 133ms -->
        <step title="Updating submodules" date="2026-01-04T04:40:47.666" /><!-- duration: 1121ms -->
        <step title="Determining deployment builder" date="2026-01-04T04:40:49.006" >
          <step title="Builder is BasicBuilder" date="2026-01-04T04:40:49.024" /><!-- duration: 3ms -->
        </step><!-- duration: 26ms -->
        <step title="PreDeployment: context.CleanOutputPath False" date="2026-01-04T04:40:49.112" >
          <step title="PreDeployment: context.OutputPath /home/site/wwwroot" date="2026-01-04T04:40:49.506" >
            <step title="Building" date="2026-01-04T04:40:49.666" >
              <step title="Executing external process" date="2026-01-04T04:40:50.152" type="process" path="starter.sh" arguments="/opt/Kudu/Scripts/parallel_rsync.sh /tmp/zipdeploy/extracted /home/site/wwwroot 8 /tmp/ False True  " /><!-- duration: 4168ms -->
              <step title="Triggering recycle (preview mode disabled)." date="2026-01-04T04:40:55.002" /><!-- duration: 30ms -->
              <step title="Modified file to trigger a restart of the app container." date="2026-01-04T04:40:55.103" /><!-- duration: 11ms -->
              <step title="Skip function trigger and logicapp sync because function is not enabled." date="2026-01-04T04:40:55.146" /><!-- duration: 37ms -->
            </step><!-- duration: 6455ms -->
          </step><!-- duration: 6619ms -->
          <step title="Cleaning up temp files" date="2026-01-04T04:40:56.127" /><!-- duration: 2ms -->
          <step title="Cleaning up temp files" date="2026-01-04T04:40:56.133" /><!-- duration: 513ms -->
          <step title="Reloading status file with latest updates" date="2026-01-04T04:40:56.669" >
            <step title="WebHooksManager.PublishEventAsync: PostDeployment" date="2026-01-04T04:40:56.673" /><!-- duration: 28ms -->
          </step><!-- duration: 35ms -->
          <step title="Cleaning up temporary deployment - fetch deployment was successful" date="2026-01-04T04:40:56.711" /><!-- duration: 3ms -->
        </step><!-- duration: 7692ms -->
      </step><!-- duration: 9477ms -->
