<step title="BackgroundTrace" date="2026-01-04T03:04:34.567" instance="6ab2f6" url="/api/zipdeploy" method="POST" >
  <step title="Creating temporary deployment - FetchDeploymentManager" date="2026-01-04T03:04:34.645" /><!-- duration: 2ms -->
  <step title="Creating temporary deployment" date="2026-01-04T03:04:34.654" /><!-- duration: 123ms -->
  <step title="Performing fetch based deployment" date="2026-01-04T03:04:34.908" >
    <step title="Cleaning up temp folders from previous zip deployments and extracting pushed zip file /tmp/zipdeploy/3e255116-79c6-46e7-a4d4-812826ee5f08.zip (8.06 MB) to /tmp/zipdeploy/extracted" date="2026-01-04T03:04:36.182" >
      <step title="ChmodRecursive Process exited with total time taken in ms: 181" date="2026-01-04T03:04:46.142" /><!-- duration: 14ms -->
    </step><!-- duration: 9977ms -->
    <step title="Deployment timer started" date="2026-01-04T03:04:48.165" >
      <step title="DeploymentManager.Deploy(id:de0568f6-1423-4dd2-9243-5b49865c8e5d)" date="2026-01-04T03:04:48.169" >
        <step title="Collecting changeset information" date="2026-01-04T03:04:48.175" /><!-- duration: 103ms -->
        <step title="Updating submodules" date="2026-01-04T03:04:48.283" /><!-- duration: 1142ms -->
        <step title="Determining deployment builder" date="2026-01-04T03:04:49.658" >
          <step title="Builder is BasicBuilder" date="2026-01-04T03:04:49.665" /><!-- duration: 2ms -->
        </step><!-- duration: 11ms -->
        <step title="PreDeployment: context.CleanOutputPath False" date="2026-01-04T03:04:49.728" >
          <step title="PreDeployment: context.OutputPath /home/site/wwwroot" date="2026-01-04T03:04:49.837" >
            <step title="Building" date="2026-01-04T03:04:49.973" >
              <step title="Executing external process" date="2026-01-04T03:04:50.456" type="process" path="starter.sh" arguments="/opt/Kudu/Scripts/absoluteTar.sh /tmp/zipdeploy/extracted/node_modules /tmp/zipdeploy/extracted/node_modules.tar.gz" /><!-- duration: 4685ms -->
              <step title="Executing external process" date="2026-01-04T03:04:55.355" type="process" path="starter.sh" arguments="/opt/Kudu/Scripts/parallel_rsync.sh /tmp/zipdeploy/extracted /home/site/wwwroot 8 /tmp/ False True node_modules " /><!-- duration: 1834ms -->
              <step title="Triggering recycle (preview mode disabled)." date="2026-01-04T03:04:57.872" /><!-- duration: 2ms -->
              <step title="Modified file to trigger a restart of the app container." date="2026-01-04T03:04:57.900" /><!-- duration: 18ms -->
              <step title="Skip function trigger and logicapp sync because function is not enabled." date="2026-01-04T03:04:57.922" /><!-- duration: 2ms -->
            </step><!-- duration: 8568ms -->
          </step><!-- duration: 8711ms -->
          <step title="Cleaning up temp files" date="2026-01-04T03:04:58.552" /><!-- duration: 4ms -->
          <step title="Cleaning up temp files" date="2026-01-04T03:04:58.558" /><!-- duration: 503ms -->
          <step title="Reloading status file with latest updates" date="2026-01-04T03:04:59.104" >
            <step title="WebHooksManager.PublishEventAsync: PostDeployment" date="2026-01-04T03:04:59.108" /><!-- duration: 66ms -->
          </step><!-- duration: 72ms -->
          <step title="Cleaning up temporary deployment - fetch deployment was successful" date="2026-01-04T03:04:59.179" /><!-- duration: 2ms -->
        </step><!-- duration: 9534ms -->
      </step><!-- duration: 11104ms -->
