<step title="Incoming Request" date="2026-01-04T09:34:12.530" instance="6ab2f6" url="/api/zipdeploy?isAsync=true" method="POST" type="request" pid="835,1,26" Accept="*/*" Host="jarvis-portfolio-api.scm.azurewebsites.net" User-Agent="AZURECLI/2.78.0 (HOMEBREW)" Accept-Encoding="gzip, deflate" Authorization="Bea..." Cache-Control="no-cache" Content-Type="application/octet-stream" Content-Length="8448693" x-ms-client-request-id="84017ace-e950-11f0-89f0-c6eea053c943" x-ms-artifact-checksum="3babb4d3ecfded0809635f07df352567a25af52dab5787af3aa1799a32acb4bd" X-ARR-LOG-ID="84017ace-e950-11f0-89f0-c6eea053c943" CLIENT-IP="184.22.107.190:54900" X-SITE-DEPLOYMENT-ID="jarvis-portfolio-api" WAS-DEFAULT-HOSTNAME="jarvis-portfolio-api.scm.azurewebsites.net" X-Forwarded-Proto="https" X-AppService-Proto="https" X-Forwarded-TlsVersion="1.3" X-WAWS-Unencoded-URL="/api/zipdeploy?isAsync=true" X-Client-IP="184.22.107.190" X-Client-Port="54900" >
  <step title="Cleanup Xml Logs" date="2026-01-04T09:34:12.535" /><!-- duration: 10ms -->
  <step title="ZipPushDeploy" date="2026-01-04T09:34:12.583" >
    <step title="ZipDeploy. Extract zip." date="2026-01-04T09:34:12.591" /><!-- duration: 2ms -->
    <step title="Starting PushDeployAsync" date="2026-01-04T09:34:12.600" /><!-- duration: 3ms -->
    <step title="Removing node_modules symlink" date="2026-01-04T09:34:12.632" >
      <step title="Writing artifact to /tmp/zipdeploy/12693db0-db60-4bc1-907f-b719473fbf81.zip" date="2026-01-04T09:34:12.764" >
        <step title="Writing multipart request body to /tmp/zipdeploy/12693db0-db60-4bc1-907f-b719473fbf81.zip" date="2026-01-04T09:34:12.767" /><!-- duration: 16ms -->
      </step><!-- duration: 271ms -->
      <step title="Removing previous build artifact&apos;s manifest file" date="2026-01-04T09:34:13.040" >
        <step title="Start deployment in the background" date="2026-01-04T09:34:13.069" >
          <step title="Acquiring Deployment Lock" date="2026-01-04T09:34:13.096" /><!-- duration: 2ms -->
          <step title="Acquired Deployment Lock" date="2026-01-04T09:34:13.132" /><!-- duration: 2ms -->
        </step><!-- duration: 151ms -->
      </step><!-- duration: 192ms -->
      <step title="Outgoing response" date="2026-01-04T09:34:13.235" type="response" statusCode="202" statusText="Accepted" /><!-- duration: 2ms -->
    </step><!-- duration: 609ms -->
