<step title="Incoming Request" date="2026-01-04T08:42:05.383" instance="6ab2f6" url="/api/zipdeploy?isAsync=true" method="POST" type="request" pid="835,1,55" Accept="*/*" Host="jarvis-portfolio-api.scm.azurewebsites.net" User-Agent="AZURECLI/2.78.0 (HOMEBREW)" Accept-Encoding="gzip, deflate" Authorization="Bea..." Cache-Control="no-cache" Content-Type="application/octet-stream" Content-Length="8447951" x-ms-client-request-id="3c07ddf0-e949-11f0-b70b-c6eea053c943" x-ms-artifact-checksum="ca16e0a5aed7bb7dcf4284be8d40ad313523bc5793316a59735762f102c35535" X-ARR-LOG-ID="3c07ddf0-e949-11f0-b70b-c6eea053c943" CLIENT-IP="184.22.107.190:57346" X-SITE-DEPLOYMENT-ID="jarvis-portfolio-api" WAS-DEFAULT-HOSTNAME="jarvis-portfolio-api.scm.azurewebsites.net" X-Forwarded-Proto="https" X-AppService-Proto="https" X-Forwarded-TlsVersion="1.3" X-WAWS-Unencoded-URL="/api/zipdeploy?isAsync=true" X-Client-IP="184.22.107.190" X-Client-Port="57346" >
  <step title="Cleanup Xml Logs" date="2026-01-04T08:42:05.393" /><!-- duration: 90ms -->
  <step title="ZipPushDeploy" date="2026-01-04T08:42:05.591" >
    <step title="ZipDeploy. Extract zip." date="2026-01-04T08:42:05.599" /><!-- duration: 2ms -->
    <step title="Starting PushDeployAsync" date="2026-01-04T08:42:05.604" /><!-- duration: 2ms -->
    <step title="Removing node_modules symlink" date="2026-01-04T08:42:05.725" >
      <step title="Writing artifact to /tmp/zipdeploy/31e3655f-c685-4cf8-80ac-15595ed1bef1.zip" date="2026-01-04T08:42:05.847" >
        <step title="Writing multipart request body to /tmp/zipdeploy/31e3655f-c685-4cf8-80ac-15595ed1bef1.zip" date="2026-01-04T08:42:05.904" /><!-- duration: 3ms -->
      </step><!-- duration: 339ms -->
      <step title="Removing previous build artifact&apos;s manifest file" date="2026-01-04T08:42:06.189" >
        <step title="Start deployment in the background" date="2026-01-04T08:42:06.199" >
          <step title="Acquiring Deployment Lock" date="2026-01-04T08:42:06.221" /><!-- duration: 6ms -->
          <step title="Acquired Deployment Lock" date="2026-01-04T08:42:06.259" /><!-- duration: 2ms -->
        </step><!-- duration: 224ms -->
      </step><!-- duration: 243ms -->
      <step title="Outgoing response" date="2026-01-04T08:42:06.439" type="response" statusCode="202" statusText="Accepted" /><!-- duration: 2ms -->
    </step><!-- duration: 717ms -->
