<step title="Incoming Request" date="2026-01-04T05:00:04.495" instance="6ab2f6" url="/api/zipdeploy?isAsync=true" method="POST" type="request" pid="835,1,32" Accept="*/*" Host="jarvis-portfolio-api.scm.azurewebsites.net" User-Agent="AZURECLI/2.78.0 (HOMEBREW)" Accept-Encoding="gzip, deflate" Authorization="Bea..." Cache-Control="no-cache" Content-Type="application/octet-stream" Content-Length="8555109" x-ms-client-request-id="362d8390-e92a-11f0-8b51-c6eea053c943" x-ms-artifact-checksum="d0729d907fff679c61b4f273f5bdd2c308f9246601373bb507e1d0382f97386c" X-ARR-LOG-ID="362d8390-e92a-11f0-8b51-c6eea053c943" CLIENT-IP="184.22.107.190:63553" X-SITE-DEPLOYMENT-ID="jarvis-portfolio-api" WAS-DEFAULT-HOSTNAME="jarvis-portfolio-api.scm.azurewebsites.net" X-Forwarded-Proto="https" X-AppService-Proto="https" X-Forwarded-TlsVersion="1.3" X-WAWS-Unencoded-URL="/api/zipdeploy?isAsync=true" X-Client-IP="184.22.107.190" X-Client-Port="63553" >
  <step title="Cleanup Xml Logs" date="2026-01-04T05:00:04.505" /><!-- duration: 58ms -->
  <step title="ZipPushDeploy" date="2026-01-04T05:00:04.852" >
    <step title="ZipDeploy. Extract zip." date="2026-01-04T05:00:04.874" /><!-- duration: 9ms -->
    <step title="Starting PushDeployAsync" date="2026-01-04T05:00:04.894" /><!-- duration: 8ms -->
    <step title="Writing artifact to /tmp/zipdeploy/0137d869-f5ae-49ac-9a72-47319b7a9d72.zip" date="2026-01-04T05:00:04.975" >
      <step title="Writing multipart request body to /tmp/zipdeploy/0137d869-f5ae-49ac-9a72-47319b7a9d72.zip" date="2026-01-04T05:00:05.003" /><!-- duration: 42ms -->
    </step><!-- duration: 792ms -->
    <step title="Start deployment in the background" date="2026-01-04T05:00:05.826" >
      <step title="Acquiring Deployment Lock" date="2026-01-04T05:00:05.996" /><!-- duration: 33ms -->
      <step title="Acquired Deployment Lock" date="2026-01-04T05:00:06.268" /><!-- duration: 21ms -->
    </step><!-- duration: 833ms -->
  </step><!-- duration: 1859ms -->
  <step title="Outgoing response" date="2026-01-04T05:00:06.812" type="response" statusCode="202" statusText="Accepted" /><!-- duration: 29ms -->
</step><!-- duration: 2405ms -->
