<step title="Incoming Request" date="2026-01-04T14:16:32.770" instance="6ab2f6" url="/api/zipdeploy?isAsync=true" method="POST" type="request" pid="835,1,56" Accept="*/*" Host="jarvis-portfolio-api.scm.azurewebsites.net" User-Agent="AZURECLI/2.78.0 (HOMEBREW)" Accept-Encoding="gzip, deflate" Authorization="Bea..." Cache-Control="no-cache" Content-Type="application/octet-stream" Content-Length="8449369" x-ms-client-request-id="f5dc56b0-e977-11f0-aa7d-c6eea053c943" x-ms-artifact-checksum="8e9809b2df32d9de9f4ce0e0bfc7a54302f9906ec86d401247eff41092584452" X-ARR-LOG-ID="f5dc56b0-e977-11f0-aa7d-c6eea053c943" CLIENT-IP="184.22.107.190:48173" X-SITE-DEPLOYMENT-ID="jarvis-portfolio-api" WAS-DEFAULT-HOSTNAME="jarvis-portfolio-api.scm.azurewebsites.net" X-Forwarded-Proto="https" X-AppService-Proto="https" X-Forwarded-TlsVersion="1.3" X-WAWS-Unencoded-URL="/api/zipdeploy?isAsync=true" X-Client-IP="184.22.107.190" X-Client-Port="48173" >
  <step title="Cleanup Xml Logs" date="2026-01-04T14:16:32.779" /><!-- duration: 31ms -->
  <step title="ZipPushDeploy" date="2026-01-04T14:16:32.825" >
    <step title="ZipDeploy. Extract zip." date="2026-01-04T14:16:32.841" /><!-- duration: 2ms -->
    <step title="Starting PushDeployAsync" date="2026-01-04T14:16:32.849" /><!-- duration: 2ms -->
    <step title="Removing node_modules symlink" date="2026-01-04T14:16:33.052" >
      <step title="Writing artifact to /tmp/zipdeploy/857218cf-7c45-4307-b2c9-db68b1aec644.zip" date="2026-01-04T14:16:33.116" >
        <step title="Writing multipart request body to /tmp/zipdeploy/857218cf-7c45-4307-b2c9-db68b1aec644.zip" date="2026-01-04T14:16:33.144" /><!-- duration: 10ms -->
      </step><!-- duration: 414ms -->
      <step title="Removing previous build artifact&apos;s manifest file" date="2026-01-04T14:16:33.534" >
        <step title="Start deployment in the background" date="2026-01-04T14:16:33.549" >
          <step title="Acquiring Deployment Lock" date="2026-01-04T14:16:33.560" /><!-- duration: 2ms -->
          <step title="Acquired Deployment Lock" date="2026-01-04T14:16:33.627" /><!-- duration: 3ms -->
        </step><!-- duration: 162ms -->
      </step><!-- duration: 182ms -->
      <step title="Outgoing response" date="2026-01-04T14:16:33.718" type="response" statusCode="202" statusText="Accepted" /><!-- duration: 2ms -->
    </step><!-- duration: 670ms -->
