<step title="Incoming Request" date="2026-01-04T12:53:06.220" instance="6ab2f6" url="/api/zipdeploy?isAsync=true" method="POST" type="request" pid="835,1,55" Accept="*/*" Host="jarvis-portfolio-api.scm.azurewebsites.net" User-Agent="AZURECLI/2.78.0 (HOMEBREW)" Accept-Encoding="gzip, deflate" Authorization="Bea..." Cache-Control="no-cache" Content-Type="application/octet-stream" Content-Length="8449125" x-ms-client-request-id="4d87f966-e96c-11f0-947e-c6eea053c943" x-ms-artifact-checksum="2dcda0643ad7ce900479df19d49e4fe3ddfcd00ed43defcd45847d98fc8735e2" X-ARR-LOG-ID="4d87f966-e96c-11f0-947e-c6eea053c943" CLIENT-IP="184.22.107.190:64694" X-SITE-DEPLOYMENT-ID="jarvis-portfolio-api" WAS-DEFAULT-HOSTNAME="jarvis-portfolio-api.scm.azurewebsites.net" X-Forwarded-Proto="https" X-AppService-Proto="https" X-Forwarded-TlsVersion="1.3" X-WAWS-Unencoded-URL="/api/zipdeploy?isAsync=true" X-Client-IP="184.22.107.190" X-Client-Port="64694" >
  <step title="Cleanup Xml Logs" date="2026-01-04T12:53:06.223" /><!-- duration: 5ms -->
  <step title="ZipPushDeploy" date="2026-01-04T12:53:06.248" >
    <step title="ZipDeploy. Extract zip." date="2026-01-04T12:53:06.252" /><!-- duration: 2ms -->
    <step title="Starting PushDeployAsync" date="2026-01-04T12:53:06.265" /><!-- duration: 3ms -->
    <step title="Removing node_modules symlink" date="2026-01-04T12:53:06.338" >
      <step title="Writing artifact to /tmp/zipdeploy/9ef9ec07-c327-4771-8b22-b61a61b3247e.zip" date="2026-01-04T12:53:06.567" >
        <step title="Writing multipart request body to /tmp/zipdeploy/9ef9ec07-c327-4771-8b22-b61a61b3247e.zip" date="2026-01-04T12:53:06.608" /><!-- duration: 10ms -->
      </step><!-- duration: 242ms -->
      <step title="Removing previous build artifact&apos;s manifest file" date="2026-01-04T12:53:06.817" >
        <step title="Start deployment in the background" date="2026-01-04T12:53:06.839" >
          <step title="Acquiring Deployment Lock" date="2026-01-04T12:53:06.875" /><!-- duration: 6ms -->
          <step title="Acquired Deployment Lock" date="2026-01-04T12:53:06.912" /><!-- duration: 2ms -->
        </step><!-- duration: 139ms -->
      </step><!-- duration: 171ms -->
      <step title="Outgoing response" date="2026-01-04T12:53:06.992" type="response" statusCode="202" statusText="Accepted" /><!-- duration: 4ms -->
    </step><!-- duration: 660ms -->
