﻿<?xml version="1.0" encoding="utf-8"?>
<deployment>
  <id>1101d5bc-1be6-4e3d-a559-d077b876fab5</id>
  <author>N/A</author>
  <deployer>Push-Deployer</deployer>
  <authorEmail>N/A</authorEmail>
  <message>Created via a push deployment</message>
  <progress></progress>
  <status>Success</status>
  <statusText></statusText>
  <lastSuccessEndTime>2026-01-04T08:42:33.4583482Z</lastSuccessEndTime>
  <receivedTime>2026-01-04T08:42:20.2217428Z</receivedTime>
  <startTime>2026-01-04T08:42:22.1032986Z</startTime>
  <endTime>2026-01-04T08:42:33.4583482Z</endTime>
  <complete>True</complete>
  <is_temp>False</is_temp>
  <is_readonly>True</is_readonly>
  <buildSummary />
</deployment>