﻿<?xml version="1.0" encoding="utf-8"?>
<deployment>
  <id>c3ced728-c936-460d-949d-2ce08e23d0dc</id>
  <author>N/A</author>
  <deployer>Push-Deployer</deployer>
  <authorEmail>N/A</authorEmail>
  <message>Created via a push deployment</message>
  <progress></progress>
  <status>Success</status>
  <statusText></statusText>
  <lastSuccessEndTime>2026-01-04T14:09:05.6000634Z</lastSuccessEndTime>
  <receivedTime>2026-01-04T14:08:55.7776444Z</receivedTime>
  <startTime>2026-01-04T14:08:57.0997362Z</startTime>
  <endTime>2026-01-04T14:09:05.6000634Z</endTime>
  <complete>True</complete>
  <is_temp>False</is_temp>
  <is_readonly>True</is_readonly>
  <buildSummary />
</deployment>